Graduation,ps_enroll_male,APScoreQualified,satMath,satWrt,borough
0.938,0.667,0.054,431,448,Manhattan
0.985,0.726,0.362,497,469,Manhattan
0.924,0.872,0.247,496,502,Manhattan
0.985,0.845,0.816,624,617,Manhattan
0.95,0.944,0.006,643,643,Manhattan
0.967,0,0.177,452,444,Manhattan
0.909,0.371,0.245,451,468,Manhattan
0.876,0.517,0.267,429,452,Manhattan
0.976,0.781,0.012,586,607,Manhattan
0.921,0.417,0.245,462,476,Manhattan
0.943,0.758,0.171,444,459,Manhattan
0.815,0.366,0.117,427,434,Manhattan
0.978,0.633,0,428,456,Manhattan
0.802,0.455,0.213,426,420,Manhattan
0.752,0.782,0.257,462,463,Manhattan
0.842,0.425,0.298,450,442,Manhattan
0.818,0.524,0.144,412,438,Manhattan
0.883,0.613,0.35,436,449,Manhattan
0.803,0.45,0.053,399,423,Manhattan
0.743,0,0.114,408,431,Manhattan
0.965,0.676,0.279,440,490,Manhattan
1,0.935,0.586,594,610,Manhattan
0.932,0.627,0.17,441,449,Manhattan
0.866,0.623,0.117,415,418,Manhattan
0.8,0.529,0.089,443,446,Manhattan
0.933,0.693,0.361,484,476,Manhattan
0.971,0.703,0.021,489,542,Manhattan
0.99,0.32,0.385,525,546,Manhattan
1,0.887,0.955,690,658,Manhattan
0.992,0.872,0.787,593,573,Manhattan
0.972,0.701,0.648,646,596,Manhattan
0.97,0.87,0.337,519,545,Manhattan
0.971,0.814,0.738,561,553,Manhattan
0.994,0.79,0.63,651,610,Manhattan
0.849,0.357,0.247,406,425,Manhattan
0.962,0.718,0.59,511,496,Manhattan
0.971,0.778,0.049,493,500,Manhattan
0.831,0.404,0.259,469,475,Manhattan
0.88,0.65,0.25,440,439,Manhattan
0.661,0.567,0.298,401,409,Manhattan
0.84,0.476,0.213,437,437,Manhattan
0.872,0.548,0.271,424,427,Manhattan
0.862,0.617,0.043,418,401,Manhattan
1,0.941,0.639,556,515,Manhattan
0.67,0.547,0.068,411,421,Manhattan
0.685,0.359,0.205,414,410,Manhattan
0.993,0.945,0.929,774,728,Manhattan
0.914,0.619,0.34,497,474,Manhattan
0.949,0.429,0.263,446,465,Manhattan
1,0.886,0.293,476,467,Manhattan
0.981,0.825,0.481,476,494,Manhattan
0.982,0.742,0.386,494,503,Manhattan
0.81,0,0.095,401,449,Manhattan
0.831,0.636,0.292,441,446,Manhattan
0.965,0,0.509,457,491,Manhattan
0.867,0.667,0.422,461,455,Manhattan
0.915,0.529,0.159,459,476,Manhattan
0.951,0.8,0.604,450,423,Manhattan
0.87,0.327,0.15,413,431,Manhattan
0.99,0.911,0.813,643,519,Manhattan
0.927,0.785,0.358,498,491,Manhattan
0.897,0.569,0.266,479,509,Manhattan
0.884,0.535,0.407,447,460,Manhattan
0.955,0.591,0.263,457,472,Manhattan
0.942,0.714,0.225,425,470,Manhattan
0.889,0.69,0.194,458,457,Manhattan
0.93,0.669,0.48,488,506,Manhattan
0.822,0.397,0.051,437,446,Manhattan
0,0,0,0,0,Manhattan
0.78,0.353,0.234,424,436,Manhattan
0.888,0.571,0.25,457,452,Manhattan
0.947,0.548,0.053,425,438,Manhattan
0.894,0.391,0.23,439,449,Manhattan
1,0.588,0.293,386,414,Manhattan
0.984,0.656,0.282,603,621,Manhattan
0.984,0.791,0.745,613,609,Manhattan
0.735,0.578,0.163,441,461,Manhattan
0.828,0.437,0.217,421,453,Manhattan
0.973,0.933,0.9,626,585,Manhattan
1,0.773,0.778,566,585,Manhattan
0.921,0.571,0.079,384,403,Manhattan
0.877,0.489,0.206,416,416,Manhattan
0.972,0.784,0.558,605,555,Manhattan
0.992,0.86,0.696,571,541,Manhattan
1,0,0.576,493,494,Manhattan
0.75,0.556,0.066,429,434,Manhattan
0.723,0.522,0.032,421,429,Manhattan
0.793,0.303,0.017,406,403,Manhattan
0.822,0.128,0.054,361,400,Manhattan
0.968,0.878,0.66,647,610,Manhattan
0.813,0,0.098,405,406,Manhattan
0.83,0.495,0.338,474,474,Manhattan
0.844,0.643,0.097,0,0,Manhattan
1,0.882,0.989,735,677,Manhattan
0.9,0.462,0.02,423,448,Manhattan
1,0.75,0.227,502,484,Manhattan
0.913,0.548,0.49,426,421,Manhattan
0.921,0.784,0.569,472,469,Manhattan
0.941,0.513,0.138,395,394,Manhattan
0.865,0.234,0.129,369,388,Manhattan
0.683,0.138,0.171,420,421,Manhattan
0.727,0.255,0.089,392,393,Manhattan
0.842,0.492,0.201,478,459,Manhattan
0.974,0.431,0.575,411,414,Manhattan
0.975,0.386,0.13,416,429,Bronx
0.955,0.698,0.489,499,478,Bronx
0.923,0.577,0.011,395,414,Bronx
0.74,0.213,0.115,376,385,Bronx
0.671,0.345,0,363,390,Bronx
0.623,0.364,0.093,409,413,Bronx
0.993,0.702,0.193,477,488,Bronx
0.804,0.576,0.199,476,477,Bronx
0.709,0.455,0.029,430,405,Bronx
0.801,0.565,0.187,410,408,Bronx
0.772,0.316,0.066,433,433,Bronx
0.835,0.475,0.291,423,435,Bronx
0.941,0.372,0.257,401,423,Bronx
0,0,0,0,0,Bronx
0.741,0.395,0.17,404,430,Bronx
0.793,0.371,0.159,427,438,Bronx
0.724,0,0.103,410,403,Bronx
0.86,0.38,0.162,431,443,Bronx
0.79,0.479,0.165,418,436,Bronx
0.754,0.339,0.134,422,412,Bronx
0.859,0.487,0.13,409,438,Bronx
0.847,0.471,0.102,416,415,Bronx
0.663,0.368,0,446,429,Bronx
0.881,0.343,0.144,403,432,Bronx
0.814,0.543,0.177,433,441,Bronx
0.918,0.478,0.328,385,381,Bronx
0.674,0.293,0.024,401,407,Bronx
0.824,0.343,0.112,411,424,Bronx
0.875,0.473,0.241,425,425,Bronx
0.468,0.029,0.043,426,445,Bronx
0.871,0.458,0.173,437,447,Bronx
0.942,0.452,0.157,410,422,Bronx
0.843,0.618,0.099,416,421,Bronx
0.884,0.436,0.297,447,431,Bronx
0.886,0.574,0.329,435,437,Bronx
0.849,0.54,0,410,426,Bronx
0.945,0.66,0.441,508,500,Bronx
0.711,0.295,0.14,401,414,Bronx
0.915,0.419,0.316,423,435,Bronx
0.985,0.615,0,474,463,Bronx
0.887,0.523,0.192,466,452,Bronx
0.86,0,0.16,387,408,Bronx
1,0.538,0.577,406,391,Bronx
0.888,0.438,0.143,390,387,Bronx
0.6,0.135,0.124,386,404,Bronx
0.81,0.353,0.024,404,414,Bronx
0.814,0.72,0.1,497,487,Bronx
0.842,0.667,0.325,428,436,Bronx
0.753,0.308,0.108,385,411,Bronx
0.798,0.275,0.048,379,396,Bronx
0.769,0.267,0.077,352,364,Bronx
0.867,0.484,0.283,392,385,Bronx
0.935,0,0.46,488,493,Bronx
0.915,0.698,0.327,514,500,Bronx
0.78,0.314,0.091,431,435,Bronx
0.817,0.552,0.3,428,435,Bronx
0.828,0.423,0.129,419,430,Bronx
1,0.588,0.279,439,449,Bronx
0.815,0.6,0.117,446,450,Bronx
0.588,0.161,0.025,362,360,Bronx
0.83,0.472,0.22,414,422,Bronx
0.796,0.465,0.188,399,391,Bronx
0.882,0.393,0.24,412,431,Bronx
1,0.61,0.246,438,439,Bronx
0.821,0.692,0.192,438,464,Bronx
1,0.66,0,430,438,Bronx
0.792,0.339,0.141,395,410,Bronx
0.758,0.487,0.165,422,433,Bronx
0.952,0.75,0.637,486,473,Bronx
1,0.7,0.3,398,395,Bronx
0.976,0.686,0.214,439,446,Bronx
0.908,0.506,0.171,454,448,Bronx
1,0.742,0.258,439,448,Bronx
1,0.95,0.918,750,698,Bronx
0.991,0.688,0.415,480,466,Bronx
0.793,0.571,0.145,431,444,Bronx
0.868,0.45,0.148,343,365,Bronx
0.882,0.467,0.164,395,411,Bronx
0.908,0.379,0.17,419,413,Bronx
0.962,0.444,0.163,416,423,Bronx
0.989,0.945,1,716,713,Bronx
0.983,0.818,0.442,473,474,Bronx
0.983,0.721,0.154,475,472,Bronx
0.73,0.279,0.112,408,409,Bronx
0.795,0.538,0.006,396,408,Bronx
0.795,0.5,0.119,401,412,Bronx
0.821,0.612,0.209,454,465,Bronx
0.881,0.695,0.359,502,488,Bronx
0.917,0.393,0.089,408,423,Bronx
0.811,0.386,0.171,425,435,Bronx
0.828,0.399,0.088,427,440,Bronx
0.813,0.661,0.105,425,432,Bronx
0.945,0.458,0.377,396,388,Bronx
0.859,0.472,0.408,451,410,Bronx
0.849,0.293,0.192,409,424,Bronx
0.919,0.857,0.23,448,457,Bronx
0.78,0.327,0.118,379,404,Bronx
0.8,0.4,0.147,411,402,Bronx
0.957,0.465,0.263,436,444,Bronx
0.723,0.311,0.077,396,395,Bronx
0.789,0.283,0.149,412,403,Bronx
0.933,0.595,0.4,442,454,Bronx
0.783,0.328,0.112,434,418,Bronx
0.904,0.347,0.566,385,374,Bronx
0.949,0.559,0.192,448,453,Bronx
0.8,0.162,0.031,385,399,Bronx
0.871,0.302,0.257,416,428,Bronx
0.77,0.431,0.1,407,413,Bronx
0.916,0.269,0.191,393,395,Bronx
0.814,0.433,0.013,389,400,Bronx
0.713,0.195,0.132,408,423,Bronx
0.9,0.423,0.173,429,440,Brooklyn
0.826,0.389,0.021,383,390,Brooklyn
0.846,0.458,0.127,417,428,Brooklyn
0.994,0.743,0.289,461,464,Brooklyn
0.961,0.832,0.973,720,663,Brooklyn
0.804,0.523,0,0,0,Brooklyn
0.926,0.81,0.146,459,458,Brooklyn
0.967,0,0.328,432,448,Brooklyn
0.882,0.524,0.015,362,411,Brooklyn
0.976,0.722,0.361,493,495,Brooklyn
0.906,0.618,0.188,437,438,Brooklyn
0.963,0.62,0.335,487,478,Brooklyn
0.962,0.672,0.25,465,461,Brooklyn
0.548,0.5,0.023,388,392,Brooklyn
0.975,0.841,0.012,675,640,Brooklyn
0.959,0.455,0.079,410,412,Brooklyn
0.717,0.226,0.045,404,413,Brooklyn
0.78,0.279,0.11,409,415,Brooklyn
0.847,0.493,0.123,439,440,Brooklyn
0.944,0.702,0.324,433,458,Brooklyn
0.98,0.695,0.344,438,456,Brooklyn
0.988,0.613,0.343,458,456,Brooklyn
0.786,0.289,0,414,428,Brooklyn
0.855,0.456,0.178,408,411,Brooklyn
0.965,0,0.377,437,455,Brooklyn
0.766,0.138,0,387,408,Brooklyn
0.972,0.688,0.243,426,437,Brooklyn
0.925,0.548,0,435,440,Brooklyn
0.862,0.593,0.323,451,456,Brooklyn
0.708,0.393,0.11,420,422,Brooklyn
0.813,0.554,0.148,448,448,Brooklyn
0.922,0.545,0.118,448,457,Brooklyn
0.84,0.59,0.134,409,419,Brooklyn
0.811,0.414,0.019,436,417,Brooklyn
0.935,0.642,0.311,446,471,Brooklyn
0.888,0.493,0.137,443,429,Brooklyn
0.994,0.935,0.867,608,604,Brooklyn
0.827,0.323,0.065,399,402,Brooklyn
0.986,0.468,0.215,412,402,Brooklyn
0.833,0.684,0.22,438,439,Brooklyn
0.826,0.429,0.063,383,387,Brooklyn
0.909,0.368,0.111,0,0,Brooklyn
0.783,0.544,0.009,436,435,Brooklyn
0.8,0.39,0.05,403,401,Brooklyn
0.836,0.344,0.025,380,398,Brooklyn
0.807,0.462,0.235,386,392,Brooklyn
0.87,0.59,0.272,427,433,Brooklyn
0.885,0.421,0.16,415,425,Brooklyn
0.855,0.47,0.053,399,412,Brooklyn
0.853,0.385,0.043,400,395,Brooklyn
1,0.721,0.312,509,499,Brooklyn
0.917,0.621,0.389,454,470,Brooklyn
0.826,0.385,0.207,434,456,Brooklyn
0.818,0.545,0.104,392,412,Brooklyn
0.962,0.721,0.778,547,540,Brooklyn
0.796,0.292,0.047,418,426,Brooklyn
0.916,0.524,0.205,431,446,Brooklyn
0.891,0.455,0.145,401,418,Brooklyn
0.802,0.449,0.133,422,429,Brooklyn
0.837,0.325,0.112,415,417,Brooklyn
0.763,0.268,0.119,395,419,Brooklyn
0.685,0.526,0.123,401,413,Brooklyn
0.855,0.459,0.21,400,417,Brooklyn
0.782,0.545,0.136,416,432,Brooklyn
0.871,0.476,0.153,398,427,Brooklyn
0.897,0.606,0.171,425,446,Brooklyn
0.955,0.489,0.104,394,410,Brooklyn
0.66,0.311,0.063,381,411,Brooklyn
0.921,0.481,0.188,429,454,Brooklyn
0.985,0.583,0.303,450,445,Brooklyn
0.839,0.667,0.145,414,422,Brooklyn
0.741,0.238,0.046,399,407,Brooklyn
0.714,0.25,0.048,385,400,Brooklyn
0.867,0.283,0.24,400,407,Brooklyn
0.696,0.333,0.018,378,396,Brooklyn
0.875,0.382,0.75,382,378,Brooklyn
0.868,0.64,0.114,404,419,Brooklyn
0.915,0.495,0.182,450,447,Brooklyn
0.914,0.488,0.242,419,415,Brooklyn
0.843,0.364,0.054,402,412,Brooklyn
0.816,0.267,0.18,393,403,Brooklyn
0.899,0.667,0.163,439,444,Brooklyn
0.823,0,0,0,0,Brooklyn
0.742,0.572,0.282,517,475,Brooklyn
0.964,0.728,0.464,510,490,Brooklyn
0.822,0.543,0.282,515,493,Brooklyn
0.76,0.442,0.247,489,449,Brooklyn
0.929,0,0.448,492,492,Brooklyn
0.722,0.412,0.178,427,397,Brooklyn
0.887,0.452,0.166,475,456,Brooklyn
0.714,0.509,0.019,420,407,Brooklyn
0.864,0.525,0.148,442,438,Brooklyn
1,0.638,0.033,507,500,Brooklyn
0.87,0.683,0.35,505,494,Brooklyn
0.838,0.559,0.274,477,458,Brooklyn
0.966,0.368,0.237,428,437,Brooklyn
0.932,0.644,0.068,440,456,Brooklyn
0.753,0.341,0.145,408,414,Brooklyn
0.878,0.639,0.223,466,471,Brooklyn
0.955,0.752,0.503,553,531,Brooklyn
0.918,0.659,0.309,502,475,Brooklyn
0.954,0.867,0.802,638,595,Brooklyn
0.974,0.875,0.276,552,535,Brooklyn
0.928,0.528,0.163,442,423,Brooklyn
0.889,0.548,0.097,385,401,Brooklyn
1,0,0.192,423,438,Brooklyn
0.95,0.6,0.063,421,436,Brooklyn
0.784,0.16,0.024,369,386,Brooklyn
0.824,0.444,0.096,423,412,Queens
0.974,0.769,0.371,529,509,Queens
0.988,0.457,0.446,428,432,Queens
0.951,0.567,0.278,466,458,Queens
0.95,0.246,0.465,399,395,Queens
0.981,0.965,0,682,655,Queens
0.745,0.507,0.279,453,435,Queens
0.784,0.305,0.202,456,447,Queens
0.845,0.673,0,437,456,Queens
0.905,0.706,0,412,409,Queens
0.966,0.633,0.497,474,458,Queens
0.957,0.831,0.426,493,496,Queens
0.993,0.762,0.526,503,503,Queens
0.838,0.599,0.221,483,463,Queens
0.985,0.908,0.429,564,526,Queens
0.848,0.676,0.31,465,451,Queens
0.914,0.795,0.49,529,472,Queens
0.939,0.867,0.421,539,545,Queens
0.853,0.541,0.245,426,384,Queens
0.965,0.782,0.669,577,535,Queens
1,0.824,0.56,485,518,Queens
0.791,0.456,0.299,468,459,Queens
0.834,0.426,0.197,434,423,Queens
1,1,0.991,707,671,Queens
0.88,0.656,0.275,485,455,Queens
0.936,0.687,0.473,547,524,Queens
0.949,0.764,0.571,591,537,Queens
0.877,0.581,0.154,438,441,Queens
0.994,0.811,0.375,527,501,Queens
0.952,0.71,0.263,452,454,Queens
0.488,0.115,0.012,387,397,Queens
0.993,0.759,0.32,441,468,Queens
0.933,0.691,0.19,408,435,Queens
0.987,0.647,0.324,483,483,Queens
0.762,0.431,0.124,421,419,Queens
0.927,0.327,0.339,416,436,Queens
1,0.864,0.721,598,579,Queens
0.828,0.256,0.078,374,414,Queens
0.928,0.593,0.142,439,441,Queens
0.78,0.273,0.066,391,389,Queens
0.962,0.353,0.241,426,428,Queens
0.745,0.486,0.148,440,442,Queens
0.837,0.367,0.143,437,434,Queens
0.988,0.791,0.377,530,503,Queens
0,0,0,0,0,Queens
1,0.804,0.23,471,485,Queens
0.989,0.893,0.342,530,537,Queens
0.911,0.582,0.321,467,454,Queens
0.962,0.542,0.238,406,436,Queens
0.96,0.754,0.056,452,456,Queens
0.927,0.736,0.313,499,480,Queens
0.916,0.694,0.378,512,493,Queens
0.816,0.499,0.194,452,455,Queens
0.949,0.856,0.241,551,515,Queens
0.978,0.929,0.717,560,561,Queens
0.859,0.664,0.21,494,492,Queens
1,0.968,0.988,740,679,Queens
0.868,0.462,0.17,413,417,Queens
0.953,0,0.75,526,512,Queens
0.864,0.556,0,423,456,Queens
0.867,0.5,0.16,410,402,Queens
0.959,0.72,0.178,424,429,Queens
0.792,0.553,0.16,411,422,Queens
0.832,0.484,0.183,429,436,Queens
0.86,0.548,0.161,430,443,Queens
0.933,0.629,0.271,439,446,Queens
0.882,0.686,0.312,437,446,Queens
0.865,0.655,0.231,431,435,Queens
0.725,0.355,0.193,423,412,Queens
0.912,0.426,0.165,402,410,Queens
0.945,0.809,0.645,502,488,Queens
1,0,0.604,509,521,Queens
1,0.731,0.25,493,484,Queens
0.869,0.488,0.205,451,443,Queens
0.856,0.425,0.303,447,447,Queens
0.986,0.82,0.658,523,536,Queens
0.888,0.529,0.281,449,447,Queens
0.747,0.437,0.378,419,396,Queens
0.986,0.856,0.532,542,540,Queens
0.974,0.813,0.009,660,639,Queens
0.857,0,0.119,408,451,StatenIsland
1,0.784,0.516,548,546,StatenIsland
0.952,0.684,0.3,476,487,StatenIsland
0.964,0.525,0.482,486,478,StatenIsland
0.886,0.599,0.238,486,493,StatenIsland
0.846,0.436,0.198,456,456,StatenIsland
0.753,0.578,0.243,466,474,StatenIsland
0.964,0.853,0.339,509,504,StatenIsland
0.9,0.645,0.249,505,502,StatenIsland
0.79,0.481,0.161,445,449,StatenIsland
0.997,0.895,0.98,737,690,StatenIsland
0.933,0.406,0.4,520,475,Brooklyn
0.844,0.344,0.047,400,402,Brooklyn
0.939,0.37,0.086,406,410,Brooklyn
0.842,0.279,0.156,406,404,Brooklyn
0.982,0.5,0.277,402,405,Brooklyn
0.984,0.759,0.688,575,548,Brooklyn
0.855,0.313,0.279,411,413,Brooklyn
